{"cameraMode":{"drawMode":0,"name":"Shaded","section":"Shading Mode"},"sceneLighting":false,"audioPlay":false,"sceneViewState":{"m_AlwaysRefresh":false,"showFog":true,"showSkybox":false,"showFlares":true,"showImageEffects":true,"showParticleSystems":true,"showVisualEffectGraphs":true,"m_FxEnabled":true},"in2DMode":false,"pivot":{"x":13.740205764770508,"y":0.8649999499320984,"z":-12.039693832397461},"rotation":{"x":0.3048647940158844,"y":-0.11109725385904312,"z":0.035833798348903659,"w":0.9452181458473206},"size":1.8641304969787598,"orthographic":true}